text,category,source
"Machine learning is a subfield of artificial intelligence that enables computers to learn from data without being explicitly programmed.",AI,"Tech Blog"
"Deep learning models consist of multiple layers of neural networks that can recognize patterns in vast amounts of data.",AI,"Research Paper"
"Neural networks are inspired by the human brain and consist of interconnected nodes that process information.",AI,"Textbook"
"Reinforcement learning is a type of machine learning where agents learn by interacting with an environment and receiving rewards.",AI,"Course Materials"
"Natural language processing combines computational linguistics and machine learning to process and analyze text data.",AI,"Conference"
"Python is one of the most popular programming languages used in data science and machine learning.",Programming,"Developer Forum"
"JavaScript is primarily used for web development but is expanding into machine learning with libraries like TensorFlow.js.",Programming,"Tech Article"
"R programming language is widely used for statistical analysis and data visualization in research.",Programming,"Academic Source"
"SQL is essential for data scientists to extract and manipulate data from relational databases.",Programming,"Tutorial"
"Rust provides memory safety without garbage collection, making it efficient for system programming.",Programming,"Documentation"
"Data mining techniques help discover patterns and extract useful information from large datasets.",Data Science,"Research Journal"
"Feature engineering is the process of selecting and transforming variables when creating a predictive model.",Data Science,"Online Course"
"Regression analysis helps understand relationships between dependent and independent variables in datasets.",Data Science,"Statistics Textbook"
"Cluster analysis groups objects based on their similarity, useful for market segmentation.",Data Science,"Business Report"
"Principal component analysis reduces the dimensionality of data while preserving important information.",Data Science,"Analytics Blog"
"Climate change is accelerating with rising global temperatures affecting ecosystems worldwide.",Environment,"Scientific Journal"
"Renewable energy sources like solar and wind are becoming increasingly cost-competitive with fossil fuels.",Environment,"News Article"
"Biodiversity loss threatens ecosystem stability and human well-being across the planet.",Environment,"Conservation Report"
"Water scarcity affects billions of people and is worsening due to climate change and population growth.",Environment,"UN Publication"
"Sustainable agriculture practices can reduce environmental impact while maintaining crop yields.",Environment,"Agricultural Study"
"The healthcare industry is implementing AI for early disease detection and personalized treatment plans.",Healthcare,"Medical Journal"
"Telemedicine has expanded rapidly, allowing patients to consult with healthcare providers remotely.",Healthcare,"Health Magazine"
"Electronic health records improve patient care coordination but raise privacy concerns.",Healthcare,"Policy Brief"
"Preventive healthcare focuses on disease prevention rather than treatment, reducing overall costs.",Healthcare,"Public Health Report"
"Genomic medicine uses information about a person's genetic makeup to tailor medical treatments.",Healthcare,"Research Paper"
"E-commerce has transformed retail by allowing businesses to reach customers globally online.",Business,"Business Review"
"Supply chain management optimizes the flow of goods and services from raw materials to finished products.",Business,"Logistics Journal"
"Digital marketing uses online channels to connect with customers and promote products or services.",Business,"Marketing Guide"
"Remote work has increased productivity for many companies while reducing overhead costs.",Business,"Workplace Study"
"Blockchain technology offers transparent and secure transactions for businesses across industries.",Business,"Financial Report"
"Virtual reality creates immersive experiences for gaming, education, and professional training.",Technology,"Tech Magazine"
"Quantum computing promises to solve complex problems that are beyond the capabilities of classical computers.",Technology,"Scientific American"
"Internet of Things connects everyday devices to the internet, enabling data collection and remote control.",Technology,"Engineering Journal"
"Cybersecurity measures protect systems and networks from digital attacks and unauthorized access.",Technology,"Security Report"
"Cloud computing provides on-demand access to computing resources without direct active management.",Technology,"IT Publication"
"Social media platforms have changed how people communicate and share information globally.",Communication,"Social Science Journal"
"Digital literacy is increasingly important as technology becomes integrated into daily life.",Communication,"Education Report"
"Visual communication using graphics and imagery can convey complex ideas more effectively than text alone.",Communication,"Design Publication"
"Intercultural communication skills are essential in the globalized business environment.",Communication,"International Relations"
"Nonverbal communication includes facial expressions, gestures, and body language that convey meaning.",Communication,"Psychology Text"